"Coefficient","CpG"
0.000309580059638648,"cg22471742"
-0.0107132097859898,"cg06875488"
-0.0033307199346669,"cg15500320"
9.6529167777778e-05,"cg24145109"
-0.00330241235032335,"cg21050234"
-0.00259914748852426,"cg21869590"
-0.000402528387001413,"cg23432654"
0.000394382800463742,"cg01387073"
0.0069444532543088,"cg05713782"
-0.00070661335218533,"cg05277504"
-0.00364206487817379,"cg04029055"
-0.00669579939187125,"cg13405332"
-0.00185801175826518,"cg16238795"
0.00291951507124012,"cg01456368"
0.00108585845443681,"cg07076816"
-0.000185538065746968,"cg23162201"
0.000581119392576958,"cg00217444"
0.00280809686189782,"cg14712058"
-0.000437088537896497,"cg00522231"
0.00118778082177481,"cg26341935"
0.00212661117395971,"cg25641439"
-0.00175820013203593,"cg04484334"
0.0151503546014697,"cg25508605"
-0.00685524236554068,"cg09432590"
-0.0080794624326597,"cg10228283"
-0.00715382144850655,"cg06296597"
-0.000647697906505732,"cg19468946"
0.00170606265561867,"cg18075691"
-0.0110489797861613,"cg14074741"
0.0103144080547476,"cg13053914"
0.00216885520415446,"cg10242486"
0.00365203531378702,"cg05865860"
0.00174642403296132,"cg23897356"
0.00730654759874596,"cg19519737"
-0.0019942652636472,"cg10426084"
0.000201162488058507,"cg06729222"
-0.00386832481945001,"cg06426293"
0.0050002768583899,"cg00966890"
0.000922340569089648,"cg24480012"
-0.00573058287195204,"cg05628567"
0.00478790742189982,"cg05026753"
0.00437091474897435,"cg09429345"
0.0440478544561283,"cg26033520"
-0.00116022713827931,"cg12522039"
-0.00596654647757306,"cg10471113"
0.00126063075199011,"cg25554283"
-0.000214392253453452,"cg16407953"
-0.00110912587639277,"cg07678518"
-0.00143886166559729,"cg15886728"
-0.000126295321451466,"cg02939598"
-0.000442337445789328,"cg16576213"
-0.000755953920199967,"cg00153110"
0.000349021257375549,"cg04782002"
-0.00135515390880532,"cg26687120"
-0.000138039720601112,"cg22857356"
-0.00117535545225569,"cg20154489"
-0.000379902535226092,"cg00108938"
0.000797469209929148,"cg10426464"
0.00020192710161669,"cg21266616"
-0.00038657758079954,"cg09914675"
0.000811793117538032,"cg14423703"
0.00359538878680422,"cg10104252"
0.00386693866955798,"cg05702851"
-0.000378955251083025,"cg03761210"
0.000453665549722647,"cg14796370"
0.00593279497678961,"cg15616946"
-0.00336264163723249,"cg16700779"
-0.00253368925289022,"cg22337169"
-0.000764453402733273,"cg27328431"
-0.00561145021828095,"cg18982625"
0.000505791110316619,"cg18199753"
0.000747928484088673,"cg26143452"
-0.000292878969320597,"cg14304761"
-0.000336924210351598,"cg15457314"
-0.000348454011513634,"cg03402629"
-0.00318487200390196,"cg04208237"
-0.000235492948535852,"cg12040830"
-0.0169220205649725,"cg16398761"
0.00154622189209989,"cg26253899"
0.000220521429890057,"cg02562740"
0.00112183851967866,"cg00347563"
-0.000251075781047717,"cg24118856"
0.00627499113362876,"cg01399981"
-0.0084775794414498,"cg18479798"
-0.00382219328313326,"cg20319091"
0.00174157108665655,"cg10473004"
0.010700723152719,"cg11988591"
0.000341340297785144,"cg07452164"
-0.00151124499017552,"cg20116579"
-0.000928693009876955,"cg19738283"
0.00115527183033672,"cg25439655"
-0.000624728318941572,"cg00036263"
-0.000889905129291177,"cg02298956"
-0.00240866903408948,"cg05031187"
0.0276428105734428,"cg17287155"
0.00155915352442493,"cg06535115"
-0.00484928376655395,"cg14253461"
4.06464398268767e-05,"cg05122965"
0.00153426945694994,"cg14396008"
-0.00527327692013773,"cg20603557"
0.00143103594137221,"cg03550794"
-0.0189113106919797,"cg12712184"
-0.000819195242879692,"cg20855160"
0.00128584634097428,"cg22497313"
-0.00556549380509458,"cg15380914"
-0.000704487250984778,"cg20798164"
-0.00863634138046345,"cg26045524"
0.00189406339785449,"cg26815121"
0.00993575149408081,"cg10549986"
-0.00610453123637224,"cg01444397"
0.00123191983867079,"cg15342404"
-0.00155158214778305,"cg25887619"
-0.000265584534416783,"cg07265873"
-0.00334750059577058,"cg14354168"
-0.00137332676550713,"cg10442572"
-0.000618286941627359,"cg13609723"
0.00862546422938732,"cg01979352"
-0.000623822125891828,"cg19287610"
-0.00447422233891131,"cg05154507"
0.00483747618840468,"cg08126203"
-0.000143951750772936,"cg06239923"
-0.00136563953649891,"cg22663545"
0.00453982402219499,"cg20555785"
-0.00381877902399011,"cg02676175"
-0.00312779545624108,"cg20541238"
0.000986492224168038,"cg07012770"
-0.00277920367595263,"cg24772753"
0.00203738145544011,"cg07176884"
-0.000526483298916015,"cg00850756"
1.71669368009674e-05,"cg11647481"
-0.00820361794744789,"cg22091609"
-1.84529008966376e-05,"cg20119532"
-0.000351945851640628,"cg05655534"
0.000530824283697207,"cg17055934"
-0.00368098279066208,"cg21840211"
0.00109144504529066,"cg21351392"
0.00555136520863446,"cg15855384"
-0.00182780481577843,"cg25541708"
0.000513283682332527,"cg14053257"
0.00137139669236885,"cg10644544"
0.00364556904090631,"cg08633479"
-0.00141536804101326,"cg24024505"
0.00474030372394917,"cg26306372"
0.0280780383121212,"cg23079012"
0.00229209724241226,"cg27031448"
0.000837453064678401,"cg14511070"
-0.000403824432854111,"cg23884626"
-0.00206779651401869,"cg17978425"
-0.000265749825649976,"cg27471464"
-0.00198419268824694,"cg21901643"
0.00255908420711775,"cg02920148"
0.00254547560085394,"cg07180475"
0.00303069282687149,"cg13538257"
-0.00203377188089342,"cg02520559"
-0.000578371003753228,"cg05018361"
-0.00966281491660149,"cg09159050"
-4.58198922040983e-05,"cg25409499"
-0.00121125255671176,"cg07419704"
0.00261968193265602,"cg12909732"
-0.00113668436366328,"cg05176964"
-0.00154774678768378,"cg23357832"
-0.00467252175349367,"cg09548275"
-0.00132701373918465,"cg04148584"
0.000596557485141831,"cg08290072"
-0.00165680383869631,"cg14811319"
-8.77421041927688e-05,"cg12252866"
-0.00376946649511894,"cg00542041"
-0.00660624362474618,"cg08903714"
-0.014237518119738,"cg07222124"
0.00233133920117142,"cg12658897"
0.00221279542064209,"cg15753394"
-0.00108085256107381,"cg07425568"
-0.00116846931086729,"cg17141577"
-0.00862796704002688,"cg26918756"
-0.0012169313206544,"cg03710140"
0.00330069017082737,"cg09627874"
-0.000104033910259861,"cg03327570"
-0.00113305419094365,"cg00095859"
0.00980717829200088,"cg26971585"
0.00272947030408318,"cg05441541"
0.0050293543763438,"cg13186466"
-0.00679097776702594,"cg16860821"
0.000127599438753035,"cg01576340"
0.00134214311378263,"cg09518720"
-0.00215591681880306,"cg18004701"
-0.000571461303119508,"cg21803052"
-0.00444143388170234,"cg04399091"
0.00615594450737419,"cg00994804"
-0.0022875948129463,"cg15427448"
0.000544741839594744,"cg15543167"
-0.00460786884473558,"cg20908276"
0.00669409590346838,"cg02102644"
-0.00088141901760573,"cg00685291"
0.00312543672513215,"cg01191058"
0.00164917782452552,"cg21205071"
-0.00117986874218914,"cg09132250"
0.00224424928553558,"cg05901543"
0.00168202355556291,"cg01043019"
-0.00064465321746179,"cg16712664"
0.00707854129229567,"cg06137123"
0.00175051752817496,"cg22333960"
-0.00259291955703304,"cg17782954"
0.00401430472737534,"cg25513610"
-3.89587630807314e-07,"cg13793681"
0.00409912425427788,"cg21005756"
-0.000715037332905062,"cg25835160"
-0.000171338480647728,"cg11082362"
-0.000160953217887645,"cg23112563"
0.00222478756656073,"cg09662896"
-0.00771282944250489,"cg16626884"
-9.13006829494121e-05,"cg00117869"
-0.00256376785438619,"cg00474840"
0.00701190431889312,"cg11969813"
-0.0028738493733991,"cg01199327"
-0.000466839973952376,"cg06739182"
0.00426741430262169,"cg15371711"
-0.00217281709429854,"cg01688202"
-4.6412847585422e-05,"cg04152326"
0.00661408171153463,"cg10819350"
-0.000718422692226687,"cg24455359"
0.00587570203924646,"cg20495962"
-0.00287863097376065,"cg07573872"
-0.000845301603472398,"cg01785046"
0.00327424306621808,"cg21034903"
0.000208054789975715,"cg18653560"
-0.00635642458354041,"cg02311374"
-0.0105979310406363,"cg13520532"
0.00582317986591812,"cg02678414"
-0.00184444058126371,"cg03641492"
-0.0190480812897219,"cg02119938"
-0.00105560604090961,"cg04784471"
0.00247727037020749,"cg11547878"
0.000695234167797029,"cg01710112"
-0.00214533838187144,"cg03590420"
-9.41587008047024e-06,"cg10402987"
-0.000870469522836973,"cg04864648"
-0.0047364456837397,"cg23861668"
-0.000835328895160025,"cg22671410"
-0.00181929578618269,"cg15243570"
-0.00869646229553144,"cg19304150"
-0.000979530871678572,"cg07472943"
-0.000669485623463524,"cg27325462"
-0.00232575077329492,"cg16716993"
0.000118218614319852,"cg16282618"
-0.00361954893179892,"cg14911690"
0.00219791300600556,"cg20180370"
0.0145449417109139,"cg09848445"
0.00391403570085747,"cg19698348"
-0.000448155476658887,"cg03062002"
0.00220752215312449,"cg14246703"
0.00418206274472162,"cg09296611"
0.000493514612145824,"cg00589578"
-0.0011125858787213,"cg26119382"
-0.00290646610420651,"cg26478036"
0.000260139287393981,"cg21825027"
-0.000646797656965679,"cg26828320"
-0.00111986954267353,"cg11176990"
0.00728227270043187,"cg16865475"
0.0026314921637097,"cg14228980"
0.0043857007419294,"cg25832824"
0.00451225319868906,"cg11680792"
-0.000514093422391352,"cg16308790"
0.00265579424700366,"cg14398883"
0.00176519714170934,"cg08342886"
0.00148433204083817,"cg17315331"
0.0010632806988211,"cg07946277"
-0.000396395333635578,"cg04831728"
0.00129382125357403,"cg18586983"
-0.0021134567642727,"cg07171111"
0.00112454306756282,"cg25120290"
-0.00114593702644204,"cg24748448"
-0.0037255133852164,"cg20090108"
0.00104315643587452,"cg07817648"
0.00647659875443595,"cg07550554"
-0.00919240369762449,"cg16230626"
4.89499006735703e-06,"cg20782850"
-0.00376975834698375,"cg02998129"
-0.00106810204696287,"cg22943986"
0.00461589474019857,"cg01879870"
-0.0142843910225299,"cg09222732"
-0.0021672871075577,"cg09601159"
0.0126207067930999,"cg23744638"
-0.00401453947355174,"cg10381071"
-0.0065014778288788,"cg19211853"
-0.00263566804448279,"cg09482780"
-0.000678772026310897,"cg10069155"
0.00541361279615645,"cg27490930"
0.000579673688952646,"cg08536805"
-0.00281485377254679,"cg14507042"
-0.0029561135514617,"cg17222645"
-5.4036821160225e-05,"cg24810019"
-0.00121520642865048,"cg16892887"
-0.00268271113973832,"cg15871749"
-0.00215355580180193,"cg06595176"
0.00223933535726196,"cg14472025"
0.00368815370885516,"cg09986651"
-0.000937144819648925,"cg21894356"
-0.00345262707369095,"cg22648929"
0.000675327100521782,"cg15325732"
0.00102952112094628,"cg08078058"
-0.00320450862108569,"cg19100884"
-0.00184513384610509,"cg18326274"
0.00403664639499549,"cg10709532"
-0.00260496099988182,"cg18793404"
0.00104141159488193,"cg00232874"
0.00140374113491277,"cg09921392"
-0.00838914120365693,"cg21380181"
0.00529272500003845,"cg05011838"
-0.0162588671399808,"cg15564619"
0.00474936887847967,"cg22632523"
-0.00120482120701835,"cg08845730"
0.000304622970779318,"cg01847719"
-0.000896632173320655,"cg13416901"
-0.000144147546331796,"cg21040575"
0.00229952056777288,"cg16139770"
0.00255950376239036,"cg01909953"
-0.00417184583527702,"cg10547005"
0.000344031949660315,"cg03856401"
0.00581637151868455,"cg06175025"
-0.000423579071344511,"cg20950033"
0.00511305278942567,"cg12823748"
0.00123107665983312,"cg07353006"
0.000848452311581607,"cg04154653"
-0.00355550726604803,"cg07955995"
-0.00726146308731671,"cg26082690"
0.000321804263820243,"cg03461298"
-0.000102059054059156,"cg26175729"
-0.00100531492835123,"cg14409023"
0.00286334616052651,"cg09021712"
-0.00283169402370359,"cg00298675"
0.00400973252322051,"cg01060059"
-0.00368457415930557,"cg11419456"
-0.000369612759851137,"cg24053619"
-0.00255440808268166,"cg24513567"
-0.000559379073897919,"cg25170997"
0.00378413072655883,"cg14319473"
0.00320404303099756,"cg01749778"
0.00165390932111102,"cg14788688"
0.00338311596628204,"cg03313172"
-0.00212268983218562,"cg24238995"
7.35904027489506e-05,"cg25550564"
-0.00119541184923883,"cg27043010"
-0.000504034884047417,"cg02453726"
-0.00478804352412066,"cg17621389"
0.00104160485433021,"cg03814316"
-0.00520576783116978,"cg14041194"
0.000660172292625917,"cg12355813"
-0.000230392090309164,"cg26787505"
0.000855205288212376,"cg20098514"
0.00087891424318299,"cg06496344"
-0.00205354322056638,"cg08379987"
-0.000419673549745119,"cg20670302"
-0.00316827603827899,"cg01926858"
-0.00318720075766484,"cg06999791"
-0.00288423554739177,"cg20045910"
0.00195039921511486,"cg06803853"
0.00100303174270248,"cg09248655"
0.0319370396282148,"cg07769588"
0.00787017044390136,"cg25921813"
0.00162529246449225,"cg09597616"
-0.000383405839730999,"cg18358762"
0.00574448647853508,"cg27174787"
-2.53547320015493e-05,"cg27445169"
0.00182288097711546,"cg14096353"
0.00162539358969282,"cg20308204"
-0.00161353684411285,"cg13655385"
0.000589199597448702,"cg10831285"
-0.000199848574953029,"cg08615694"
-0.00210529563283752,"cg07898446"
0.00566260171110229,"cg12825804"
0.00483386115182885,"cg01101873"
-0.00227270901320989,"cg19299265"
-0.00154656557546615,"cg16278077"
0.0105994167040424,"cg25221975"
-0.00145961177150254,"cg00254608"
0.00263836861222213,"cg17054691"
0.0060653942472683,"cg17023648"
0.00363159847755263,"cg21432842"
-0.000753899272153525,"cg22685502"
-0.0032977423972108,"cg02993010"
0.00173246428610546,"cg05812452"
0.00221446387350326,"cg04230910"
0.028498401234957,"cg07839457"
0.000250422310532016,"cg11571772"
0.0047285243033304,"cg04546097"
0.00192368891468416,"cg27326026"
0.00229471874412463,"cg08657228"
0.0040863436944858,"cg17475063"
-0.00273895872803425,"cg02851873"
0.000287667202833325,"cg04021497"
0.00451766619949739,"cg15615968"
0.0235227000833566,"cg06898549"
0.00243389966502971,"cg12171221"
0.00251663077496325,"cg01760756"
0.0109391384371407,"cg16734795"
0.00499879479819959,"cg00409260"
0.00196320584479622,"cg16616918"
0.00626547418389414,"cg20318217"
0.0020292167638711,"cg06650255"
-0.0328033472348099,"cg17942763"
0.00170023321350945,"cg14249564"
-0.000653852207581628,"cg26278228"
-0.00117174976095037,"cg13432737"
0.00166501352048138,"cg10335333"
0.00521602784336137,"cg11666017"
0.0126273639084094,"cg19750657"
-0.000186066002302035,"cg15826006"
-0.00187226647276057,"cg26446535"
-0.0351542343781535,"cg05991220"
0.00211964022114121,"cg22254104"
0.000124157260808586,"cg25956483"
0.00664896619026387,"cg16113433"
-0.00331436285463551,"cg09132944"
0.00478100664321297,"cg10666248"
-0.000291434684176553,"cg06590173"
-0.00161779453614396,"cg09661926"
-0.00212803671421905,"cg13824500"
-0.000978809482667048,"cg27287305"
-0.0018080695377576,"cg18198999"
0.0018748407643328,"cg15930041"
0.000403129141594106,"cg26979299"
0.00650865703811678,"cg00862597"
-0.00281119163269209,"cg17977556"
0.00042921492027386,"cg25212351"
0.00158682361966131,"cg23459424"
0.00347319953124986,"cg08857713"
0.00218440290226167,"cg03946530"
0.000481429818798576,"cg21240048"
0.00467253108843197,"cg16544989"
-0.00231691940119204,"cg27665829"
0.00667261908764051,"cg15530112"
0.00388710613526703,"cg22778120"
0.00429883739681045,"cg00018229"
0.0158232898583498,"cg26856289"
0.000443157380600032,"cg25372607"
-0.000715276473088077,"cg21400802"
3.88579871476336e-06,"cg18476517"
0.00223682252326214,"cg06543221"
-0.00140223883770407,"cg05695384"
0.00172080549438628,"cg19756313"
-0.00314851895628949,"cg15503799"
0.000835323872797288,"cg18284070"
0.00151032237299344,"cg05590442"
0.0016571083245626,"cg22871721"
0.00214774825315567,"cg16773162"
-0.000804631394141943,"cg02723107"
0.00337703064973033,"cg00907427"
-0.00015866801793346,"cg16412460"
-0.00015390794404761,"cg19488149"
-0.00540518547582529,"cg08970050"
0.00290220857479402,"cg04986899"
-0.000919963686720363,"cg20034856"
-0.00416678560393966,"cg02078520"
0.0052627969714406,"cg06418652"
0.00100381290288239,"cg05576705"
0.00184823478871924,"cg10914137"
0.00127069561839257,"cg22838079"
-0.0073467124598617,"cg18015393"
-0.00317102411274608,"cg05682968"
0.000133490011305748,"cg15705813"
-0.000589189580804523,"cg18411040"
-0.000522990095601478,"cg01739960"
-0.000640669158523675,"cg08462501"
0.00306010611920727,"cg18809126"
0.00305981393582638,"cg12722337"
0.001371403086293,"cg05599160"
-0.00433997625015338,"cg21524061"
0.00143246373385955,"cg27119222"
0.00152696243344254,"cg22766120"
-0.000447355213771528,"cg15135222"
-0.00283435512435814,"cg07491702"
-0.000343291367179127,"cg14532344"
0.0126675776587375,"cg09063663"
-0.00418990545966135,"cg01407861"
0.0031331907176092,"cg21085022"
-0.00287973097552283,"cg08666707"
0.00577402318477839,"cg13648501"
-0.00271483116847154,"cg08294506"
0.00809227826137237,"cg13700897"
0.0120459048459225,"cg01944226"
0.0018682228524651,"cg06179657"
-0.00722532513050168,"cg03942922"
0.01554387362755,"cg15721584"
0.00511266001052132,"cg24021129"
0.00260617200618738,"cg26390598"
-0.0248667741539846,"cg03619256"
0.00450498419904672,"cg14519518"
0.0125669076065227,"cg05641843"
-0.000830783718056507,"cg18512930"
0.00444808280901588,"cg12420948"
-0.00687945198153586,"cg07132686"
0.00168094849040533,"cg17553080"
0.00130516969829295,"cg24171689"
0.00437630928029959,"cg16565692"
0.000314650490187052,"cg09816420"
0.00191955722653349,"cg07992659"
0.000161592630341293,"cg05406101"
0.0101233371578599,"cg14195992"
-0.00156112218414855,"cg08144444"
0.000787118716028996,"cg20191858"
8.63530420606457e-05,"cg11448883"
0.00130483345017589,"cg24319836"
-0.00152671454489631,"cg19815565"
0.0117254902541012,"cg05858889"
0.000817300490363247,"cg01109227"
0.00217862991427999,"cg20656868"
0.000929304931406932,"cg08115371"
-0.00276309926351853,"cg04247966"
-0.0045319397396243,"cg03219514"
0.0163963067148268,"cg06876354"
-0.0034205864356246,"cg08767044"
-0.0016945469655697,"cg08857936"
0.00062075233212492,"cg11037576"
-0.00173029124522914,"cg10392721"
0.00353607098294249,"cg18887961"
0.000170325162930705,"cg24579218"
0.00117317135961016,"cg26544742"
0.019830366762167,"cg22130673"
-0.0013468465689182,"cg26031046"
0.00408766361878121,"cg23074996"
0.00455309592778766,"cg26577973"
0.0011911495758034,"cg12866859"
-0.00155109226388874,"cg14941541"
0.00287674943229874,"cg26229201"
0.00193654562045469,"cg18754388"
0.000496487139167543,"cg00361992"
-0.000518615041166465,"cg18090894"
-0.000303097138367076,"cg20813965"
0.000457769016181697,"cg23643343"
-0.00317806784520124,"cg18348318"
-0.000535178870594678,"cg20004451"
0.00123905858489122,"cg14233716"
-0.00164125720195985,"cg17001898"
0.00208422232658961,"cg05223638"
-0.00167639685937782,"cg15896579"
-0.00110512721284232,"cg23443327"
-0.0208912038906593,"cg17501210"
0.00501816671074914,"cg03216966"
0.00118612717334305,"cg21754824"
0.000319362687542174,"cg25813345"
0.0142797604608698,"cg02544002"
0.00404134265960291,"cg14282634"
-0.00231616325939702,"cg08175928"
0.000938793656205756,"cg19236995"
-0.000299429280010625,"cg23254737"
-0.00103059720057517,"cg25142614"
0.00547416026919383,"cg11797485"
-0.00680392694184688,"cg20706049"
-0.000981201161146026,"cg04696980"
-0.00446950455769477,"cg23908794"
-0.00128410355902068,"cg14408990"
-0.000281292566447542,"cg04626413"
-0.00414240848649568,"cg27638057"
-5.99911846091431e-06,"cg06617217"
0.000970694341275201,"cg08051604"
3.69091373543601e-05,"cg01129886"
0.0046401154503575,"cg11927233"
-1.35375811043548e-05,"cg08467760"
-0.000228043576792584,"cg03057083"
-0.00156167185691058,"cg10759769"
-0.00105134835508086,"cg03841784"
-0.000507271292910444,"cg00144022"
-0.00106180927146138,"cg13576904"
-0.000142143559608639,"cg02427468"
7.07159581153578e-05,"cg11040940"
6.85103002292037e-05,"cg01446393"
0.00105729812482202,"cg09055822"
-0.00482232267983614,"cg20341251"
-0.00122628141702358,"cg18844850"
0.00896011457760023,"cg23235965"
0.00213895885241167,"cg21134610"
0.00241895591989101,"cg05088257"
-0.000482826291011106,"cg12555033"
0.0111478425836371,"cg27312916"
0.00111978723559711,"cg11212329"
-0.00426000043749709,"cg17157198"
-0.00252565846470779,"cg01486558"
-0.00787640703823232,"cg06583438"
-1.34060188467144e-05,"cg24027061"
-0.00294924350303891,"cg26331096"
0.00302965612336481,"cg26140475"
0.000344084959093106,"cg19169154"
0.000936962521351244,"cg04869770"
0.00343026543185823,"cg23111276"
0.00178978585565359,"cg01204844"
-0.0151815813122667,"cg12729894"
-0.000234231853776058,"cg27382459"
0.000710538793649339,"cg22793130"
0.00664736510411455,"cg23847700"
-0.000263046544980149,"cg08210468"
0.00517308223679118,"cg09714184"
-2.37232762384453e-05,"cg01824466"
-0.00011837966220172,"cg03562770"
-0.00201055401010869,"cg22443541"
0.000759184214227764,"cg12660343"
-0.000544921257737071,"cg14887099"
-0.00397243075062746,"cg13403462"
0.000753600466219463,"cg19167230"
-0.00522638004240043,"cg22693030"
0.00282061105659219,"cg05260733"
-0.00693140001413081,"cg07603991"
-0.00455879727967855,"cg25099597"
0.00287840270634232,"cg05131266"
0.000503934316937351,"cg13725167"
-0.00455444780919341,"cg02043791"
-0.00767115394545387,"cg09918091"
0.00665488262267711,"cg25796062"
0.00130005145677986,"cg16417606"
0.00169662260690663,"cg12284836"
-0.00505113239996234,"cg05201344"
-0.00517837150634345,"cg17566175"
-0.000862859421704136,"cg08828036"
0.0019321438814247,"cg04594399"
0.000452920116723618,"cg02811434"
0.00167769285304499,"cg02238760"
0.00667062168259685,"cg26108621"
-0.000563343282750638,"cg08272105"
0.000704508199709551,"cg12352403"
-0.0134259242116026,"cg19202384"
0.000552330982149783,"cg14192029"
0.00324703138726822,"cg11785471"
-0.00108735226926247,"cg07061145"
-0.00476442601106122,"cg27270565"
0.0101548428781165,"cg07514618"
0.00733804024732145,"cg19836894"
-0.00149693005655027,"cg25458034"
0.00341845653495378,"cg06021189"
0.00104150102786273,"cg13400306"
-1.32901981949388e-05,"cg27130176"
-6.09442000121283e-05,"cg25745945"
0.000954435272879055,"cg25392060"
0.00239687938631351,"cg25008857"
0.000462004189464091,"cg22450878"
-0.00155385061385805,"cg02758964"
0.00231625520498336,"cg20212877"
0.000459878395794523,"cg16816602"
-0.00399162066092394,"cg04138746"
-0.0383570217720151,"cg01787285"
-0.00320531178597833,"cg27241134"
0.00177064577230181,"cg11602148"
0.00260650706384503,"cg26657725"
-0.0199922654529831,"cg19016694"
0.00402037507165832,"cg16629695"
-0.0063392089675281,"cg26710819"
0.0015328006537554,"cg26403843"
-0.00547264633371564,"cg02667103"
-0.00056557885426478,"cg26562141"
0.00503763192697185,"cg23329411"
0.00391939322518427,"cg07528661"
0.00116713273653701,"cg15230397"
0.00696305953358394,"cg03894242"
0.00356376394884258,"cg07804658"
0.00943319028522576,"cg05973262"
0.00321362228097989,"cg05797097"
-0.000473378882820541,"cg26782322"
0.000965296718380599,"cg14928764"
-0.00534723681320066,"cg11070176"
0.00558269732630863,"cg05523603"
0.000127867214762801,"cg22134325"
-0.0031606578613996,"cg13569987"
-0.00198892830648433,"cg00698126"
-0.00208210238145869,"cg11956467"
-0.000350162786909573,"cg23472153"
-0.00567258770290115,"cg19129839"
-1.19963433127831e-05,"cg12253931"
-0.000301082021320363,"cg27103436"
-0.000786101573084852,"cg02220129"
0.00820260440294104,"cg00594099"
-6.17591927377303e-06,"cg02152286"
0.0032197867593242,"cg20169734"
0.00652696517082671,"cg26162295"
0.000296000460373061,"cg19864487"
-0.000526671688138603,"cg13081498"
0.00162829122622821,"cg21733098"
-0.0269357448418655,"cg09554443"
-9.18498854198481e-05,"cg01566745"
-0.00432074712308876,"cg19494100"
-0.00192935483892169,"cg01389585"
-0.0108659696906963,"cg11588903"
-0.00438129522360424,"cg15679892"
-0.00155709800702144,"cg11795015"
-0.00341346219494589,"cg11653912"
0.033023470752493,"cg06192883"
0.00412527594735113,"cg15342087"
0.00512345645868263,"cg24872692"
0.00085587291487273,"cg07259660"
-0.00185408312498022,"cg04161365"
0.00313108255785723,"cg18750433"
-7.71618246327681e-06,"cg06192753"
0.0013708376739982,"cg10020083"
-0.00277384519383327,"cg04621020"
0.000809687059510533,"cg01191566"
0.000657306235048914,"cg16706260"
-0.00157973067375564,"cg02542440"
0.0126241932123401,"cg01751802"
0.00885378748233979,"cg09058317"
0.00160497561149995,"cg18093572"
0.00881404115997434,"cg23378546"
-0.000670497405562202,"cg10337956"
0.000982082778469735,"cg22024572"
0.000742493293054439,"cg21930118"
0.00135618985861331,"cg20344326"
-0.001606152628441,"cg07612615"
-0.00301240711388311,"cg00874605"
0.0153209222064588,"cg10398455"
0.000977967099467202,"cg02780787"
-0.000589103729606614,"cg16353254"
0.00223352205680022,"cg14640244"
0.0032930832936298,"cg09796170"
-0.00149805322836283,"cg17524250"
0.00118316289216123,"cg05728902"
0.000762080697221326,"cg04187668"
-0.00108901495449801,"cg23809103"
0.00340875311201476,"cg23097139"
-0.00384520540118295,"cg00520380"
-0.00158506948804877,"cg13619163"
-0.0035881721222738,"cg08135379"
0.00209640055908204,"cg14528451"
0.00247775616920601,"cg12367058"
-5.21262582559513e-06,"cg20666379"
-0.0100192279419185,"cg05418719"
-7.46875657977341e-05,"cg05122437"
0.000919991706955961,"cg01909921"
0.00150172289718261,"cg13761421"
0.00506725295967822,"cg03352402"
-0.00207323988315299,"cg15745273"
0.000967081965051513,"cg06221963"
3.81840113047278e-05,"cg19138478"
-0.00367156040094262,"cg04057106"
-0.00509076005240958,"cg04299495"
0.00280520254740575,"cg09827751"
-0.000293650526397994,"cg07207669"
0.0112683645116212,"cg20722088"
-0.000429266549581346,"cg05736378"
0.00048008114374224,"cg05839709"
-0.00170853420219539,"cg14380576"
-0.00210327670769004,"cg25020919"
-0.000175110363617908,"cg21690064"
-0.00496444755881383,"cg02376827"
-0.00127350860502378,"cg06018514"
0.0016159134466569,"cg03987192"
0.000294665773117807,"cg01368219"
-0.0046821351084505,"cg02062466"
-0.00201532354758003,"cg16742003"
-0.002993805402452,"cg09844687"
0.00490813194308341,"cg16902255"
0.00451964293411701,"cg12629349"
-0.01395848181203,"cg00169184"
0.0015219360972761,"cg03575041"
0.00136054892725023,"cg04583430"
-0.00300643677146819,"cg06191165"
0.00491195510254014,"cg10012920"
-0.000411233824366832,"cg13848405"
0.00116408758111552,"cg00327697"
0.000778514617536689,"cg07165167"
0.00168909356545497,"cg24740587"
0.00159519579220907,"cg16119772"
0.00428376029798548,"cg24998981"
-0.00291387723833096,"cg24555562"
-0.000109349720819225,"cg14538930"
0.0132329688527575,"cg16378261"
0.000834486850898386,"cg07218344"
0.000391580946036453,"cg23914694"
-0.00119888521657026,"cg04835971"
0.000846977514122553,"cg02486351"
-0.00250687290579372,"cg20409501"
0.000128629643700057,"cg07609206"
0.00579749398337042,"cg00134539"
-0.000164843569174344,"cg22911054"
0.000487607664576069,"cg22611504"
0.00438075766486203,"cg15965301"
0.0057230193609804,"cg18560551"
8.16669212975598e-05,"cg12913167"
-0.00052071784116207,"cg21469059"
-0.00133473314565838,"cg07438412"
0.00692922059152318,"cg15925571"
-0.000628126013630072,"cg20498637"
0.000859725620093855,"cg23280807"
0.00121045978411362,"cg12583199"
-0.00112478122549811,"cg13399203"
-0.00725217836410513,"cg16210842"
-0.00896474008987158,"cg03991807"
-0.000382140680745557,"cg02232641"
0.00105178559088776,"cg05376869"
-9.30365147087802e-05,"cg17462107"
0.00532744660859106,"cg16861964"
0.00021248134396473,"cg00974315"
0.00148652069345077,"cg19219750"
-0.000475276864892519,"cg14024823"
0.000638462773915344,"cg05490029"
-0.000241328236123387,"cg07989629"
0.000372884420870882,"cg13658208"
0.00744983969658707,"cg16472389"
0.00526437578809386,"cg06508879"
0.000550909638707534,"ch.7.52501384F"
-0.00745578283871442,"cg20060632"
0.00882693789202624,"cg12865818"
-0.00286186970801378,"cg13187349"
-0.00249490945229234,"cg04099180"
-0.00152140898487784,"cg27108889"
0.00407947621785681,"cg02132051"
-0.000749859029861014,"cg12564012"
-0.00162006105227785,"cg27210657"
0.00327508707879389,"cg18967846"
-0.00158297360060408,"cg12982543"
0.00155062663291785,"cg08010362"
-0.000300743360745766,"cg11240578"
-0.00187599001359511,"cg15775674"
-0.010239023248126,"cg26470501"
0.00443350978842455,"cg27395200"
0.0038787142230192,"cg00973118"
-0.000983878701122209,"cg09481056"
-0.00145880445140754,"cg20655119"
0.00287155646539789,"cg18422587"
0.000881406609881829,"cg22889887"
-0.000581066226556399,"cg06573047"
-0.00330376972203731,"cg27236007"
-0.000308210441129544,"cg02785870"
0.00124003009375918,"cg17393321"
0.000230095341890851,"cg13181291"
0.000213073553099542,"cg14935025"
0.0104390346032772,"cg09831562"
0.00194779567313144,"cg10608948"
-0.00265623754524958,"cg27302645"
-0.00125985393129748,"cg01146928"
-0.001460264829067,"cg09533390"
0.000747146572244399,"cg10271717"
-0.000547079378643314,"cg12072024"
0.00204329726117292,"cg01124546"
-0.00242969206864341,"cg01941586"
-0.000465142896264074,"cg01194712"
0.00143122065058183,"cg02984092"
-0.00159870431821572,"cg22203867"
0.00252753425264686,"cg26928531"
-0.000598644656446696,"cg01170196"
0.000488571799250498,"cg13215060"
-0.00037272513615274,"cg04839706"
0.00231376190657541,"cg17660703"
-0.00105834034418121,"cg20386818"
0.00561846094011256,"cg02326386"
0.00335803702813285,"cg16399664"
-0.00155177639668596,"cg07630816"
0.0146859140538802,"cg14836555"
-0.000991630058907027,"cg26242302"
0.00297870539770985,"cg26139360"
-4.97596243565502e-05,"cg07555125"
-0.00390422992685538,"cg18597421"
0.00659487998928034,"cg03607951"
0.000765721214107271,"cg05056823"
-0.000329181208706026,"cg01561777"
0.00169710898624975,"cg26811852"
-0.0025061044248818,"cg13975660"
0.000891283179883047,"cg11823496"
0.00495732315097151,"cg17669033"
-0.00328216860289333,"cg10114279"
0.00210341199456795,"cg26459079"
-0.000685280410048294,"cg08290756"
0.0284919976866477,"cg22488164"
0.0158635208815421,"cg14989661"
0.0157565113151035,"cg03429643"
0.00393561973536642,"cg22880420"
0.00610933763019859,"cg26994484"
-0.000219285349063473,"cg15197202"
-0.00480561143727411,"cg07957035"
0.00262842183781668,"cg15551881"
0.00299866770363509,"cg13470160"
0.00678531482572645,"cg04229928"
-0.00422924297774393,"cg16204414"
0.000248973040180054,"cg13945265"
-0.000461566437939504,"cg18237616"
-8.93823540182864e-05,"cg27337277"
-0.00168751715020141,"cg02331673"
-0.000688751922255777,"cg17008412"
0.00383813489444502,"cg06740372"
0.00214980708213395,"cg21910329"
-0.00129853835565201,"cg17516247"
-0.00713951802170399,"cg01612187"
-0.00493185951773359,"cg03763001"
0.000941604938081667,"cg06263250"
0.000883814131870037,"cg04452959"
-0.00551466729268257,"cg26887212"
0.00618584901113471,"cg04180046"
-0.00388792862537974,"cg24935220"
0.00378903986967038,"cg12177851"
-6.29822311310942e-05,"cg24489074"
0.000601658684979952,"cg21431200"
0.00439895441490734,"cg02045948"
0.0142140104366035,"cg18011760"
0.000898214099025085,"cg15867717"
0.00187642298650868,"cg02769951"
-6.79370298841591e-05,"cg14181459"
0.00779170541521366,"cg18584067"
0.00822635339936794,"cg00897703"
-0.00345435120570808,"cg22388417"
0.00934733728508926,"cg14195115"
0.00175739653034943,"cg18834375"
0.00205529129838341,"cg02442649"
0.00473688851600005,"cg26855208"
0.000406341110890941,"cg03345232"
-0.0886762472789901,"cg00574958"
-0.00194007521203078,"cg10012711"
0.00320804594393103,"cg13708645"
-0.00326139361028115,"cg12401653"
-0.000109024715965264,"cg04212127"
-0.0108208882123789,"cg27462475"
-0.00302607300943395,"cg23697406"
-0.00251810532421211,"cg14850784"
-0.00227411484094142,"cg25223878"
-0.0010814418784197,"cg05351357"
0.00562481189773857,"cg12498088"
0.00709385512035957,"cg06121226"
-0.00669334658799,"cg02630175"
0.00334928656614472,"cg07842062"
-0.000744912214422949,"cg08574423"
0.000279225683506602,"cg00174743"
0.00147342806605106,"cg27443779"
0.0298650079914803,"cg08857797"
0.00186732252321797,"cg09227563"
-0.00137416324683221,"cg14660676"
-0.00586212998989929,"cg08006309"
0.0114483159571161,"cg12243822"
4.46459495225994e-05,"cg01065592"
-0.00272822500321746,"cg02596917"
0.000496039066432106,"cg09037777"
0.00391394679662612,"cg12144681"
-0.00233225008871444,"cg17469321"
0.00238464912906272,"cg10513161"
-0.00432468609611784,"cg15041658"
0.00202988923570612,"cg14542968"
0.00256193477683151,"cg00977384"
-9.89945410454653e-05,"cg11698180"
-0.00360716784977108,"cg27377749"
0.00713535091742444,"cg25465438"
-0.00393283623070986,"cg22616430"
-0.00022604776133966,"cg13108397"
-0.00425031468597007,"cg09602751"
-0.00351072427009645,"cg10195726"
-0.0117711745429962,"cg11006442"
0.00405071498526749,"cg01614643"
-0.0024582605199805,"cg01999708"
0.00503886155624026,"cg12651953"
-0.000172545178239445,"cg01290718"
0.0039925513626067,"cg12286804"
-0.000459777232292857,"cg21694161"
0.00512312949983244,"cg03515869"
-0.00268351167159255,"cg17453767"
0.000167909067110314,"cg16326402"
0.00319629439675235,"cg20541370"
-0.000535926304824471,"cg06970290"
-0.000127891718080609,"cg18019451"
0.00667351375084828,"cg10716607"
0.0177184590599039,"cg24088496"
0.00306423989661849,"cg08688501"
0.00096262452941389,"cg00695328"
-0.00106478552688109,"cg11397541"
-0.00304770498932855,"cg14871472"
0.00303958616901275,"cg15553397"
-0.000633061099268652,"cg15209169"
-0.00186804601571007,"cg22691257"
0.00626250926194773,"cg05508315"
-0.000561900208981451,"cg23049298"
0.0034574170662794,"cg14559176"
-0.0079193766179078,"cg19589396"
0.000774635718725561,"cg16997671"
0.000776893441603178,"cg15824291"
0.00113480407585283,"cg19697512"
-0.000738705035245593,"cg15247500"
0.00156776405400088,"cg18465300"
2.73904413654456e-06,"cg13039454"
-0.00160904352522864,"cg16490124"
0.00211056281992479,"cg02436272"
0.000447293962141657,"cg24396167"
0.00056818561059217,"cg21671277"
0.00101806569474501,"cg03174644"
0.000612687266569722,"cg06367655"
0.00141614836951879,"cg27137084"
0.00175592093217951,"cg01256440"
0.00037721159553042,"cg03883555"
-0.00343250657308737,"cg23814228"
-0.00802093841287076,"cg10671830"
0.00564017401596549,"cg13200640"
-0.00266745992650915,"cg23635728"
-0.000399694008403892,"cg05207465"
0.00340136153303962,"cg17427305"
-0.00224438428657477,"cg11798873"
0.0011398833086697,"cg00888252"
0.0016176372917395,"cg08312904"
-0.000590850856832809,"cg15702661"
0.000914560916856903,"cg13883376"
-0.00184246235069903,"cg01266853"
-0.00591062080431431,"cg17079497"
0.00568904306006555,"cg23711867"
-0.00509014310769274,"cg01698567"
0.000116656722429095,"cg20475082"
0.00204816493363824,"cg02461388"
0.0010144283296365,"cg19384540"
-0.00114736735915498,"cg14810638"
0.006892156071557,"cg08511818"
-0.000203156425507452,"cg01751992"
0.00129321202222567,"cg19800032"
-0.000119447790296963,"cg05003791"
-0.00495007244431503,"cg24674445"
-0.00118656656800098,"cg24921140"
-0.000424393495720459,"cg17231677"
-0.0019222778331578,"cg27527290"
-0.000646776409617319,"cg18712919"
0.00320490532415737,"cg17221584"
0.00306768633459939,"cg01695579"
0.00074121381598694,"cg09138688"
-0.00340741442171197,"cg03108928"
0.00114773681386413,"cg22887526"
0.00654670298789235,"cg08810072"
-0.0183947734948828,"cg18763911"
0.00107206744573161,"cg26687381"
0.0124207604603128,"cg16663980"
0.000490262574313556,"cg25738688"
-0.0147257269305488,"cg23032421"
0.00537003740346262,"cg11421724"
-0.00281701169084275,"cg01593609"
-0.00369683984473819,"cg00735454"
0.00356476065127854,"cg02733093"
0.00695667760641696,"cg14341014"
0.00261508538632581,"cg02629227"
-0.000562882742388968,"cg11543686"
-0.0287949600768042,"cg17901584"
0.00143336271639175,"cg25903860"
0.00127141085420988,"cg00056578"
-0.0014655591566989,"cg01405744"
-0.00144104880339906,"cg00134210"
-0.0214267148486713,"cg09469355"
0.000795778282201934,"cg04332373"
0.00348358304603859,"cg22106810"
-0.000563485380629968,"cg05956477"
-0.00156337320609216,"cg17680767"
0.00157018140006587,"cg10956549"
0.000982311220018564,"cg07884734"
0.00242056230008783,"cg25626519"
0.000543802990824346,"cg18379537"
0.000224163977120489,"cg01834856"
-0.00505754936919431,"cg15592187"
0.000356476137436143,"cg10928925"
0.003884856621492,"cg09096087"
0.00200241829570277,"cg10189661"
0.000734230486901522,"cg03833068"
0.000871248774550549,"cg11528666"
-0.00176625595153791,"cg17033047"
5.45012253562836e-05,"cg07532965"
-0.000219367621060946,"cg13068215"
-0.0299316436905218,"cg08309687"
0.00238491146910056,"cg13199963"
-0.00555264643921695,"cg26015134"
0.000383688659686167,"cg15571561"
-0.000404096164360053,"cg00994876"
0.000529126440741083,"cg26964651"
0.000501461502550051,"cg00918762"
-0.0230678016697153,"cg04065210"
0.00510604598935605,"cg06623668"
-0.00145615859025221,"cg07986058"
-0.000700641050422404,"cg13553693"
0.0107753377439596,"cg13125072"
0.00258333961432003,"cg04012817"
-0.00231818628886536,"cg16704920"
0.00660399915937143,"cg06580523"
-1.49538905053561e-05,"cg04225902"
-0.00416244018408895,"cg26161057"
0.00653825724566818,"cg06951363"
-0.00573769842537671,"cg03648116"
-0.000420861909899484,"cg07631309"
0.00194617494520198,"cg21057266"
0.00614736675027099,"cg08120631"
-0.00553085476445971,"cg17950900"
-0.00318709427977056,"cg23516759"
0.000571241821170335,"cg26965275"
-0.00364204076167827,"cg12593793"
-0.0031658738116661,"cg03208983"
0.00327304225619071,"cg06917727"
-0.00281637689720373,"cg05625687"
6.27646564859388e-05,"cg23124695"
0.000214067175066135,"cg25683336"
-0.00030412371227002,"cg24125468"
0.00741607554608954,"cg12608132"
0.00108829438924197,"cg05657564"
-0.00135781719807869,"cg22789237"
0.00150458374020926,"cg06457011"
-0.000227183122543947,"cg12491169"
-0.00406445258581894,"cg23419447"
-0.0112326646825523,"cg14649449"
-0.000601832137625346,"cg16725552"
0.000313951811500425,"cg04103251"
-0.000192531586255566,"cg03859846"
0.00365343825248602,"cg08640498"
0.0069903047819317,"cg22727932"
-0.0110993953976672,"cg11532433"
0.00408224712943014,"cg26624914"
-0.00216979735762919,"cg24817205"
-0.00279292969982089,"cg07956751"
-0.0197159882938657,"cg07865517"
0.00252431146362661,"ch.1.4512450F"
-0.00340723249443292,"cg05177776"
-0.00228723613847867,"cg18346106"
-0.00140176582547969,"cg00201257"
0.00824937340988682,"cg16893174"
0.0151394501376326,"cg17580614"
0.000629445499047801,"cg02329038"
0.000567176426891798,"cg05340438"
-0.0014784825867762,"cg20866090"
0.00249791046091194,"cg18070442"
-0.000605450797417086,"cg20833759"
-0.00186118000636219,"cg02316283"
-0.00221889033577649,"cg06859735"
0.000982234906468725,"cg05380808"
0.000213608565309504,"cg05868316"
0.00142953447606874,"cg23098621"
0.00185618827824045,"cg15653111"
0.00144057902335424,"cg17196051"
-0.0030864455146899,"cg16969872"
-0.00456495663023861,"cg27554156"
-0.00125511924107955,"cg27632471"
-0.0135697017447369,"cg14162417"
0.00347308240034021,"cg15722366"
0.000831749124390308,"cg03158314"
-0.00991029235383867,"cg24710309"
-0.0121844239430731,"cg18120259"
-0.00296110829486671,"cg00593212"
-0.00509875329008481,"cg12001357"
-0.000191672133746013,"cg15961904"
-0.0164893497455718,"cg21507987"
-0.000586913516456692,"cg23254650"
0.00310188496815718,"cg14151290"
-0.0015140354629184,"cg19684151"
-0.000229099513332107,"cg11938738"
0.00147573389289906,"cg16345311"
-2.54234085823508e-06,"cg00933835"
0.00109624428713138,"cg23054119"
1.42205781455635e-05,"cg05959265"
0.0136044326261247,"cg19373099"
-0.0017881979292155,"cg09270484"
-0.000631361839239589,"cg06678594"
0.00290241258905694,"cg13937012"
0.00163519657856359,"cg07201319"
0.000111138935664573,"cg22831029"
-0.00166362900493269,"cg24772525"
0.000389264633923286,"cg08267002"
0.00845232815095689,"cg22796593"
-0.0028246592032242,"cg19768079"
-0.0029100498772535,"cg05347794"
0.00138965413856544,"cg18948794"
-0.00353368740781309,"cg11827101"
0.00214456464995553,"cg06462291"
0.000715810295353596,"cg16891020"
0.000900614523850288,"cg26072906"
-0.000419125153950476,"cg10929442"
0.000377925540870489,"cg22232708"
0.00142042963483319,"cg05141867"
0.000873031301264824,"cg24809544"
0.00079159357768437,"cg10639435"
6.56343831918744e-05,"cg22156534"
0.00129006135787809,"cg03650282"
-0.00588730580885863,"cg11274527"
0.0143468000303496,"cg00805193"
0.00081938462789107,"cg18832247"
0.00311699723304848,"cg15584221"
-0.00546224756639158,"cg09303330"
0.0074151746704637,"cg15228441"
0.00925564171434775,"cg22701534"
0.000126744843027637,"cg21473728"
0.00221560995345199,"cg17882322"
0.00135742358495065,"cg06175912"
0.00705937658531233,"cg04439557"
0.00200576623652861,"cg10031769"
0.00347006620679159,"cg22717114"
-0.0128487884349162,"cg22562591"
-0.000258686955770157,"cg04745004"
0.000864308596975505,"cg26999431"
-0.000570685223442717,"cg19307391"
0.00541787028050956,"cg25217710"
-0.0154442402495052,"cg17137186"
0.00127711465623357,"cg14136083"
-0.000525773546575466,"cg02335700"
-0.00559938572033785,"cg19693031"
0.001460861362671,"cg14215309"
0.00406505152949698,"cg27378486"
-0.00327269027103993,"cg23375877"
-0.000862236657737095,"cg01233392"
0.00187779358168082,"cg26060667"
0.00122645091932632,"cg04519421"
-0.00173388763756881,"cg05956521"
-0.000984727354137621,"cg17846467"
0.00298915648840638,"cg13584258"
-0.00271316225527789,"cg21123686"
0.00279404205187027,"cg03220414"
-2.36596221311255e-06,"cg00045114"
-0.000207300329067251,"cg05257260"
-0.00518799822831446,"cg14535138"
-0.00063085994498266,"cg09006072"
0.010807657665987,"cg07814318"
0.00236513657712426,"cg03652336"
-0.00249854390635198,"cg06835786"
-0.00300919294448542,"cg14933485"
0.000357229884818092,"cg17220584"
-0.000802160033754448,"cg07607583"
-0.00608319270264032,"cg08216099"
-0.00091293972195511,"cg11173146"
-0.00512501513880593,"cg12105190"
-0.000690577797743185,"cg09057517"
-0.00320187512801643,"cg07148051"
-0.0275078747618995,"cg06690548"
0.00081088716494085,"cg00885461"
0.00182918473526614,"cg10503635"
-0.00142812757108553,"cg06369854"
0.00155450200738311,"cg20900524"
0.00124153206278115,"cg17469668"
-0.00162305722057669,"cg23938553"
-0.00495203200305176,"cg10358197"
-0.00328014871234624,"cg06547209"
0.00111367291138687,"cg26318252"
-5.7219650341057e-05,"cg27503499"
0.00342838574797039,"cg12363898"
0.00680365232222725,"cg14241748"
0.000369579338681252,"cg06651752"
-0.00127614654798282,"cg03602862"
0.00354645755251671,"cg19119594"
0.000170054779729147,"cg00432369"
0.00388701877009428,"cg20960181"
-0.000629443401668054,"cg09277709"
-0.00514268437533388,"cg03840511"
-2.67214314220907e-05,"cg04107099"
0.0123247255877784,"cg03065625"
-0.0206921496410678,"cg04847110"
0.0012311151789892,"cg07431106"
0.00761419932421866,"cg16407699"
2.97667609528031e-05,"cg23894587"
0.00147202947999248,"cg04513146"
0.00244410614418615,"cg06841464"
-0.00470230334056035,"cg08305942"
0.0289970982747053,"cg25648203"
-0.00280317514298043,"cg14675361"
-0.00895008727028326,"cg17370412"
0.0084586619536057,"cg17822325"
-0.00176803617203009,"cg24657535"
0.00377878077309421,"cg15529155"
0.00053357895139847,"cg19039340"
2.89620135965638e-05,"cg06017212"
0.00101371655969636,"cg17082026"
-0.000193599409646356,"cg06589596"
-0.00348049210963407,"cg10043058"
-0.00183027940021524,"cg05492170"
0.000304414668496419,"cg05847778"
-0.00588983465533725,"cg03270881"
-0.000324146009206519,"cg25600472"
0.00144441671488399,"cg26198898"
0.00308213405699205,"cg02524547"
0.00292448732982493,"cg11117131"
-0.00156076823168594,"cg10318222"
-0.00492452608694142,"cg24513387"
-0.00301336615179369,"cg01990225"
0.00436187787312216,"cg02505956"
0.0040209209073588,"cg00374492"
-0.0019739690330407,"cg07248242"
0.0049403303531807,"cg23302740"
0.00150497947363916,"cg21604244"
-0.00129266665452305,"cg03563354"
0.000240560933634442,"cg04575325"
0.000479814208781089,"cg18292763"
0.000523814873822993,"cg03093806"
-0.0254170448346343,"cg05603985"
-0.0081866506014288,"cg14009473"
0.000675621203946322,"cg08439728"
0.00020593867810979,"cg07312240"
-0.00396555805036097,"cg09125623"
-0.000376523451584127,"cg21638454"
0.00122399694137476,"cg05753706"
-0.00189064639772353,"cg00602326"
0.00824373964688653,"cg16655795"
0.00273762896960242,"cg21804531"
0.00435802154857153,"cg18609120"
-0.00141662497967748,"cg25215890"
-0.00118434281958093,"cg03327899"
0.00372252178994501,"cg01526748"
-0.00095203967272821,"cg11207515"
-0.00823692446700972,"cg12648172"
0.00282114206084131,"cg07363131"
-0.00146061443852235,"cg01136183"
-0.000475235916733968,"cg08746033"
-0.002604132225181,"cg08684581"
-0.00930958242372291,"cg00948664"
0.000298786680270817,"cg05762338"
-0.00286907945428147,"cg27337857"
0.00401724684219955,"cg17280624"
-0.00365927847952267,"cg24454579"
2.14475561715218e-06,"cg01839993"
-0.00458992921965205,"cg00369351"
-0.00118482090412408,"ch.4.1185987F"
0.00113721327179573,"cg04359602"
0.000148022207244781,"cg19672694"
0.000670746596503674,"cg00373256"
-0.00111051354172246,"cg15520962"
-0.00233166568853502,"cg19990316"
-0.00128953983324676,"cg09671122"
-0.0107190608971331,"cg13966005"
0.00109039813587161,"cg05602439"
-0.00512873525192216,"cg05487507"
0.00618845111845017,"cg17679604"
-0.00557671784764484,"cg23366050"
-0.00481082841541973,"cg21280171"
0.000586389264118229,"cg18126557"
-0.00322174107398137,"cg06638723"
-0.0059667467422855,"cg22077686"
-0.000825635471216241,"cg04424621"
0.00304067919568727,"cg09232225"
7.86301790446995e-05,"cg15963417"
-0.00204956819101204,"cg23882164"
-0.000438113147317133,"cg10675011"
0.0045355878281916,"cg12701768"
-0.0182791805166735,"cg06533408"
0.00352181919051473,"cg16150677"
-0.00223608018035427,"cg14620932"
-0.000578000903760576,"cg02837027"
-0.00761141788867148,"cg10967114"
0.000108695304830684,"cg04196855"
0.00214709993184878,"cg16683416"
9.92925736074023e-06,"cg07554759"
0.0016573302369403,"cg16301857"
0.00156554630008379,"cg00848461"
-0.00340357008461418,"cg18240727"
-0.00651041637156219,"cg01486818"
-8.18936981945411e-05,"cg02836767"
0.00911938484793647,"cg24910161"
-0.000958126610932358,"cg17598785"
0.00137719115832289,"cg23197935"
-0.00176319103719983,"cg25532099"
0.00204341151970158,"cg05360477"
0.000727568600884406,"cg11480534"
-0.000760374390557569,"cg00432789"
5.62011712075998e-05,"cg16276225"
0.00343221839979598,"cg24572204"
-0.0171990723474345,"cg13680388"
0.000143134904225967,"cg16588061"
0.00594284871953635,"cg19357416"
-0.00142604556013173,"cg08086949"
-0.00268383832930118,"cg03247245"
0.00391832304035504,"cg26543816"
-0.00904438485007656,"cg17075808"
-0.000593678710433618,"cg06649165"
0.00163361219844501,"cg00194780"
0.00153340058897603,"cg09916599"
0.000205390570979363,"cg16591228"
-0.000834287900562238,"cg18555117"
0.00214689400655259,"cg10473479"
-0.000835756173570881,"cg15380511"
-0.000876025806176432,"cg07507085"
0.00131884197603658,"cg06180606"
9.05699646328989e-05,"cg03576422"
0.00862321727197524,"cg13730841"
-0.00129609654891718,"cg11417675"
0.00243532355862706,"cg26423322"
-0.0027643240851947,"cg03776495"
0.00230282119571783,"cg26503644"
-0.00109766429870318,"cg22734165"
-0.00346993512038296,"cg24083695"
-0.00130270197581711,"cg01337940"
0.00772794151501063,"cg16411857"
0.000287879137254574,"cg04140903"
0.000284577455244103,"cg10186992"
0.00322663378748026,"cg21390575"
-0.0103296440685584,"cg13320842"
-0.00133588503166771,"cg21586453"
-0.00590168379489694,"cg22054364"
-9.45133990068926e-05,"cg19808047"
0.00448620836968931,"cg04661457"
-0.00281538950256301,"cg05894754"
0.00026063582283399,"cg22659564"
0.00173660012978755,"cg25653947"
-0.00274850353336677,"cg11201177"
0.00144695124291425,"cg21790570"
0.000509183152984534,"cg00328916"
0.00685522289223775,"cg00717364"
-0.00490569917085326,"cg22207672"
0.00866855711552218,"cg01818539"
0.000642186712379065,"cg15842967"
-0.00495251802167825,"cg07935287"
0.00208014194693809,"cg07128330"
-0.01908711508248,"cg04754652"
0.00136192613368804,"cg11700258"
-0.00178174522754713,"cg12456379"
-0.000790195004942002,"cg02874667"
0.00190211495587856,"cg12974545"
0.00200235492223877,"cg16133703"
-0.00230304693021791,"cg22802739"
-0.00328512924742264,"cg19459962"
0.00300869589107812,"cg14032964"
0.00538273719016157,"cg14665825"
-0.00160035794299915,"cg07322064"
-0.00105196999824013,"cg16867817"
-0.00216034161270742,"cg08529529"
-0.00229513509162137,"cg07391913"
0.000109505483020905,"cg11875459"
0.00795059975564433,"cg17470069"
0.000844261872030517,"cg27175470"
-0.000805438921399332,"cg05304184"
0.00321421888486677,"cg16099107"
0.00667707109797293,"cg06250549"
-0.0066159497293633,"cg03308803"
0.000166302799063643,"cg22534759"
-0.0151048225150826,"cg09092525"
-0.00303697695217735,"cg01819167"
-0.0003372115730118,"cg11715858"
-0.00643768273345026,"cg06178669"
0.0155402581134699,"cg04305653"
0.00211562806271348,"cg25080348"
-0.00240695247472395,"cg05652719"
0.000803064923475648,"cg10622174"
-0.0271754653916444,"cg17058475"
0.00126087365046857,"cg19559124"
-0.00881039125631584,"cg22084182"
0.00087189734167369,"cg10418114"
-0.00457189467200912,"cg03801691"
-0.0014361696054551,"cg07110379"
0.00515809773913869,"cg18593194"
-0.00171446995283911,"cg07870541"
-0.000623425668826072,"cg25903851"
0.00386144666052398,"cg13123009"
-0.000792296011592672,"cg22691626"
-0.00629154164769728,"cg24082072"
-0.00157713282451726,"cg11170956"
-0.000172127066728954,"cg10738648"
-0.0266507897720508,"cg12813802"
0.00292226273459567,"cg10021276"
0.00355869379226344,"cg12221864"
0.000463719116237069,"cg12501402"
0.000963310556700498,"cg17167303"
0.00113666868860931,"cg08070491"
-0.00252997030596201,"cg05479462"
-0.00540190272572199,"cg27219399"
0.000249589228464156,"cg17832688"
-0.00109042496226961,"cg09062663"
-0.00169788238029087,"cg23797551"
-0.00305979477444251,"cg24693760"
0.00522877498097317,"cg15603548"
0.000512765758306954,"cg18831134"
0.00546684722091052,"cg07038822"
-0.00554082895582296,"cg02071825"
-9.57315944005922e-05,"cg04114386"
-0.00557110567496982,"cg04776812"
-0.00415187171314404,"cg10293282"
0.000858724762255399,"cg06906464"
0.00324987457985808,"cg02163943"
0.000471130761501247,"cg26852242"
0.000760122234947115,"cg13224427"
0.00374022488399994,"cg15548198"
-0.000320793555149759,"cg16840547"
-0.000392346670905485,"cg14882946"
-0.00200927896560096,"cg21289397"
0.0031752747997446,"cg12761788"
0.000560497243047689,"cg09581649"
0.00234153348621334,"cg23917744"
0.00468539472683425,"cg24664957"
-0.00904672899983006,"cg18181703"
-0.0021505666385477,"cg13531482"
0.00111881466742345,"cg08154783"
-0.000446212174025462,"cg24926370"
0.00246912088505419,"cg16696021"
-5.38236180164407e-07,"cg07126216"
-0.000495668667351779,"cg18815589"
-0.000971773725958371,"cg10105149"
-0.00148770500822232,"cg07896438"
0.00042839939463684,"cg10206594"
0.00127278928153217,"cg21847267"
-0.00426046095989469,"cg04748010"
0.00484181520153283,"cg20094831"
0.00353531711605034,"cg06208270"
0.00078608637290413,"cg11779113"
-0.0294013577871613,"cg14476101"
0.0018481090360945,"cg11119412"
-0.000608232183053597,"cg02883666"
0.00513504590205754,"cg18942357"
0.000341953866290422,"cg18712083"
0.00689520159706471,"cg10820587"
-0.00564458586869105,"cg15919833"
0.00180944161719998,"cg02550738"
-0.000621326858807391,"cg20411127"
0.00114910278189967,"cg00957901"
-0.00305341531780554,"cg07005688"
0.00229330120825478,"cg05295703"
0.000774458284992539,"cg26153715"
0.00143574673255555,"cg03407441"
0.000955489763930382,"cg26466789"
0.00348922776507424,"cg18211249"
0.00182392185074199,"cg07928709"
-0.00335052537071652,"cg25353281"
-0.0058809618922809,"cg00498211"
-0.0169010305127332,"cg20248822"
0.00111634265569794,"cg19282443"
0.000107948276633929,"cg09074223"
0.000208012424109089,"cg15989091"
-0.00161185161359517,"cg24655087"
-0.000749240960627976,"cg08946995"
0.00291961861249625,"cg09603188"
-0.00168601041738551,"cg21157721"
-0.00131568880192681,"cg03964343"
-0.00215984697006475,"cg00004089"
0.000200585606370751,"cg17801256"
0.000794031733707182,"cg16277229"
-0.000795297879727133,"cg27142924"
0.001450890975637,"cg14679230"
0.000983982603788665,"cg06644515"
-0.00211618632013523,"cg09772857"
-0.000604939356802487,"cg04636269"
-0.00182623829104559,"cg02869235"
0.00394286159802341,"cg23898128"
0.00301265179921668,"cg04666202"
5.92402864590706e-05,"cg26662727"
0.000527158822361843,"cg00249032"
-0.000565294810163604,"cg07359518"
0.00744183428963154,"cg01130991"
-0.00468386900039792,"cg25405452"
-0.00121571537423959,"cg18704527"
-0.00293920711685756,"cg17823829"
0.0107991198203816,"cg00238353"
-0.00395850629238882,"cg01151966"
-0.000224274151083094,"cg12425700"
0.000599511586780855,"cg01380346"
0.0049611490235173,"cg25178683"
-0.00018401673603704,"cg19639560"
-0.00220353113424385,"cg26495357"
0.00168952778840201,"cg23614125"
-0.00779010861453592,"cg27289628"
0.00152688076397925,"cg23545906"
0.00106067750114396,"cg27171580"
-0.00213450166739065,"cg14191616"
0.00414942615693099,"cg05413285"
1.2069898023646e-05,"cg06839769"
-0.0007519089341441,"cg18495298"
0.00301734168771165,"cg25112191"
-0.00204216190004536,"cg07854113"
0.003019256662303,"cg09747891"
0.00336447426318285,"cg17017272"
0.000688675082810048,"cg17386689"
0.0285455362617206,"cg27243685"
0.000510716788719674,"cg26869723"
-0.000314553828209098,"cg05850870"
0.000736543205613974,"cg25294759"
-0.00142019974627583,"cg25526039"
-0.00129355809407151,"cg01989224"
0.00164280681106198,"cg00835400"
0.00279760663489091,"cg17265120"
-0.00240156870475246,"cg13932916"
0.0538896626443565,"cg11024682"
0.00820721307686952,"cg06203649"
-0.00372882278295509,"cg21506299"
-0.000349644967205479,"cg13060233"
0.00499011604953138,"cg26282283"
-0.000969513301135586,"cg11727029"
-0.00198113488794052,"cg09148852"
-0.00120241303097279,"cg05140624"
-0.00103661479631406,"cg00437258"
-0.0222847280279199,"cg08726900"
0.00134923578269437,"cg22957659"
-0.00152987158058885,"cg06217320"
-0.00085145119960583,"cg02947418"
0.00573330864789822,"cg25432294"
-0.00168014109761588,"cg19953452"
-0.00215295301736738,"cg04103198"
-0.000952170552486853,"cg03640051"
-0.0118420973019426,"cg16521555"
0.00164839425043081,"cg21420044"
-0.000188781435800051,"cg01543307"
0.000997297000336557,"cg21915799"
-0.00382421791250285,"cg06193668"
-0.000988591422596554,"cg22691319"
-0.00240877639784034,"cg27331316"
-0.00136963097246944,"cg24106686"
0.000207565883550663,"cg10542971"
-0.00133621187827301,"cg23361916"
-0.00318650872173514,"cg05696034"
-0.00246795038331255,"cg14058239"
-0.00372548353269635,"cg24996154"
0.000640898409634552,"cg07839906"
0.00135694181323685,"cg15328326"
7.31390245297445e-05,"cg11202345"
0.000118220908629645,"cg05064489"
-0.00332322908545239,"cg01165142"
0.00145898178937916,"cg00137634"
0.000829997173188581,"cg13023681"
-0.000501009417752808,"cg01951459"
0.00386280718130027,"cg00861207"
0.00205092377989254,"cg23273809"
0.000872576945668621,"cg23127323"
-0.00552802134777586,"cg20480783"
-0.00412569760576253,"cg08885409"
-0.0113650272228782,"cg16735495"
0.000346125443458657,"cg18873386"
-0.00185521590232805,"cg24258592"
-0.00654273530543984,"cg14995202"
0.010184271377651,"cg03723715"
5.676627563457e-05,"cg15784635"
0.00178317813476355,"cg03274800"
-0.000128080998791051,"ch.2.2322307F"
-0.00648914880857907,"cg26718213"
-0.000686834855452262,"cg04410446"
-0.000419151994074431,"cg17863076"
-0.004768901338854,"cg16258657"
-0.00388988679622328,"cg09601994"
-0.000762835469718604,"cg05230759"
-0.00551504617571275,"cg13798228"
0.000107736674806767,"cg25885684"
-0.0045941587044791,"cg17456636"
0.00667783973237095,"cg13442200"
0.0210535956647084,"cg13274938"
-0.00370919837196631,"cg09228599"
0.00835665321373454,"cg03636183"
-0.00221332774793764,"cg04073914"
0.0252376162883219,"cg24166814"
-7.80581526638499e-05,"cg16237204"
0.00236507233817143,"cg09248897"
1.13507055625274e-05,"cg14001893"
-0.00224698752689542,"cg21108553"
0.000139236426650084,"cg22491001"
0.000457771419380239,"cg19825437"
0.00365828059362067,"cg14476852"
-5.43792210934862e-06,"cg06119923"
0.0019935716040599,"cg11623436"
0.00254924322294964,"cg10474350"
-0.0154827967725005,"cg00328720"
-0.00232441433288569,"cg00812735"
-0.000972236206211526,"cg14168733"
0.00256751042991318,"cg22985281"
0.00227444319964538,"cg02013841"
-0.00393480895645949,"cg11463380"
-4.13348764857205e-05,"cg05536800"
0.00766940700493606,"cg25158622"
-0.00188045942602677,"cg13134297"
0.00647788840726475,"cg22294804"
-0.00619883912368084,"cg24240870"
-0.000875943087813328,"cg07249488"
-0.00190877378522248,"cg01354879"
-0.000404909412518321,"cg21855816"
0.0103327802782318,"cg15651928"
-0.000339536988063175,"cg14184369"
0.000657283349278946,"cg08956157"
0.00610687969518982,"cg20995564"
-0.000161671480237031,"cg01054023"
-0.00440945938642086,"cg00040486"
0.000912965343601699,"cg01808723"
-0.000629191180273817,"cg01889956"
0.00834798187131765,"cg08119150"
-0.00318158355057523,"cg06560282"
-0.0003228407337081,"cg14401746"
0.000111215024073951,"cg09812790"
-0.00901272091611155,"cg18098839"
0.000139951611429807,"cg00155310"
0.00271282629671661,"cg02651871"
-0.00331652780225835,"cg14494812"
-0.0133217228250046,"cg04569152"
2.71966251275029e-05,"cg13277254"
0.00220328269112847,"cg19021988"
0.00198378909073539,"cg08583780"
-0.00247303310883693,"cg18281842"
0.00546738857002346,"cg19300549"
0.00114088314899334,"cg01233744"
-0.00999095235579738,"cg04231643"
0.00258603292217078,"cg14520829"
-0.0107034131466285,"cg23462242"
-0.00183501233913041,"cg06833967"
9.67271216058669e-05,"cg14264316"
0.00579996870925521,"cg11257906"
-0.00801027810932974,"cg10919522"
0.0031821592310332,"cg11893236"
-0.0323955884867617,"cg17061862"
0.00133526055832863,"cg22390040"
0.010374378218856,"cg23024484"
-0.00218858603265144,"cg00596763"
-0.00485326465386331,"ch.2.12395676F"
-0.000260741462139062,"cg12192282"
-0.00320629553363634,"cg18852817"
-0.00327569292676765,"cg08822616"
-0.011659965160372,"cg08548559"
0.000974091510560049,"cg25505605"
0.062455723798054,"cg06500161"
-0.000346037895414486,"cg24669741"
0.000261855724578044,"cg16538359"
0.000870003138172251,"cg01287037"
-0.00294105347031095,"cg09919392"
-0.00215503308165347,"cg13491945"
0.00246857080594233,"cg20057831"
0.000798980176569915,"cg03987818"
0.00349191716547964,"cg27298324"
-0.00231182655148028,"cg04471151"
-0.00292834792908776,"cg07826387"
-0.00108373845488154,"cg02832224"
0.00434133064636178,"cg14355888"
0.000536986400731849,"cg02884928"
-0.00227215164798189,"cg21901577"
0.00478894903813184,"cg06891043"
-0.00056073544797268,"cg15552491"
-0.0130473149660183,"cg02650017"
0.00269961973782459,"cg26745540"
-0.00572750500403148,"cg10145926"
-0.00585471037821838,"cg20842915"
-8.60624977459639e-05,"cg04150488"
0.000984564101898775,"cg20584679"
0.00297329783128695,"cg27570354"
-0.000415223652748088,"cg14960034"
-0.00126444701225506,"cg02562761"
-0.00219125039373324,"cg10028549"
0.00609458170651773,"cg09109383"
-0.000624187176352919,"cg17965712"
-0.00418730533054284,"cg24119717"
-0.0228888597969822,"cg20849150"
-0.0011267956310399,"cg16984485"
0.00758135807549628,"cg01978236"
-0.000420427618599495,"cg21189492"
0.00293975558845058,"cg00584089"
-0.00158666327951826,"cg10557584"
-5.39063563883133e-05,"cg20690774"
0.00895174097690878,"cg11235015"
-0.00735226990845407,"cg04550474"
-0.00380045094980704,"cg12648759"
0.000638483652497336,"cg20495365"
-0.00877456025015112,"cg03078551"
-0.00167035527579557,"cg07333922"
-0.00941429234590613,"cg00005437"
0.000579863945264643,"cg16443667"
0.00211629199783716,"cg09722420"
0.00500715296699922,"cg10592592"
0.000446745188278777,"cg04543319"
-0.0142370373107609,"cg00277397"
-0.00245297033104201,"cg20631997"
0.00404288642819207,"cg14479139"
-0.000929725234037231,"cg03988038"
-2.20541417021321e-05,"cg15929135"
-0.00174190848111716,"cg13798289"
-0.00566624759388406,"cg01853079"
0.00723794639592436,"cg07739215"
0.00126580154659066,"cg04269098"
-0.00434004276856618,"cg19256589"
0.00326309697193523,"cg06857094"
0.00173523622626246,"cg15974053"
0.000377160408070597,"cg14747813"
0.0038902408029866,"cg24420432"
-0.0170166032415213,"cg19390658"
0.062276613235339,"cg03546163"
-0.00212078757673855,"cg00591515"
-0.0054449000013545,"cg15848685"
-0.000176056316342413,"cg00854273"
0.0132145644374768,"cg06092244"
0.00161133563113055,"cg24367316"
0.0189957369347578,"cg25292882"
0.00127470129767734,"cg10063189"
0.000344945979319493,"cg18199386"
-0.00783986220484923,"cg18867010"
-0.00971271178184527,"cg17214023"
-0.00103259014470624,"cg18873844"
0.00143201377367788,"cg04407762"
-0.00102431836410549,"cg01359999"
0.00312137418509943,"cg01274421"
0.00269266210681006,"cg14198860"
-0.000107307144311608,"cg14483856"
0.00014997581965664,"cg24738346"
-0.00162133693037544,"cg00714713"
-0.00619644265946721,"cg26879644"
-0.00202164369651009,"cg17201542"
0.000326822438282807,"cg22621652"
0.000848277230845446,"cg06163274"
0.000940953970680594,"cg01566342"
0.00163155852421005,"cg03778981"
0.00138611535006349,"cg27610921"
3.2690179585103e-05,"cg20902758"
0.0050247888841565,"cg03785652"
-0.00928274189109372,"cg13319042"
0.00686239078119684,"cg16878214"
-0.00027625814389992,"cg04636876"
0.00160875748872812,"cg23855413"
-0.00388028345965868,"cg24022918"
0.0007716598677016,"cg01329690"
0.0121815688770472,"cg03251852"
0.00598468081800366,"cg17086398"
-0.000853058644462888,"cg08354351"
0.00250327677990597,"cg22571135"
-0.00475971160845655,"cg11736112"
0.00167924411618867,"cg17206604"
0.00225945212023022,"cg06256944"
0.00259609070193951,"cg01049141"
-0.00204652132655556,"cg09196449"
-0.00183104642127844,"cg09575242"
0.000662759927923938,"cg13903548"
-0.0117176966679876,"cg00183468"
0.00327080555014373,"cg05091653"
-0.000837517728622194,"cg20585830"
-4.29281755782564e-05,"cg25964744"
0.000898261678728218,"cg03161787"
-0.00765535982316758,"cg02119955"
0.000763802319520788,"cg18042724"
-0.000755469804770035,"cg02424715"
-0.00094335337127005,"cg03501596"
0.00218749082193945,"cg10508783"
-0.00131161689666355,"cg26840798"
0.00154669117822127,"cg09018399"
-0.00440938887655722,"cg20225745"
-0.00152348698399615,"cg05291374"
0.0105503482659865,"cg06158227"
0.00162832881640086,"cg24591105"
0.00035468937428828,"cg17945053"
-0.00099154218375141,"cg15810859"
-0.00622214494827629,"cg13918631"
-0.0234662108069246,"cg18608055"
-0.00700644722031642,"cg10052164"
-0.00158204896872248,"cg16300094"
0.0135355532233418,"cg15512289"
0.0150469580557253,"cg19918549"
-0.00500496216254754,"cg13254934"
-0.000365854038492388,"cg05934298"
0.00164213114911172,"cg03367643"
-0.00258460248428267,"cg21778644"
-0.00184410225541765,"cg13705810"
-0.000766140513962618,"cg01627212"
0.00760382557465251,"cg25605912"
0.00460281089205916,"cg19027507"
0.00575130638777439,"cg18933685"
0.000170084133532862,"cg26340968"
0.000907624390916243,"cg00916432"
-0.0838586898900113,"cg09349128"
0.0038524820033236,"cg00987558"
0.00786569373505727,"cg06511330"
0.00314598280871098,"cg25405123"
-0.00677255900542516,"cg00344411"
0.00137212270836911,"cg17978844"
-0.00727130043245928,"cg01247987"
-0.00220069945939625,"cg06070002"
-0.00358688655702328,"cg20566934"
0.0101593701328993,"cg13072186"
-0.00654214705492858,"cg02506767"
0.00459536355797556,"cg15610472"
-0.00134052917358452,"cg23963476"
0.00845668729375817,"cg03159676"
0.000267410737211293,"cg21104276"
0.00319254033753958,"cg14225665"
-0.00308525289301269,"cg25367559"
0.00414092350749537,"cg17586094"
0.00432595069558831,"cg20684312"
-0.00712597687561985,"cg24327132"
-0.00205259856259494,"cg17973773"
-0.000508448365655731,"cg14903799"
-0.000708581683165199,"cg22304262"
0.0037271925300359,"cg22580512"
-0.00172743268617329,"cg18805892"
0.000295122015007248,"cg18638867"
-0.00168494659382869,"cg11907448"
0.00151239008478709,"cg01432087"
-0.00403167925128802,"cg20937981"
-0.00254628531760984,"cg05330708"
0.00154350930066277,"cg01640150"
-0.0173565836295825,"cg13518625"
-0.0439295624683809,"cg10601624"
-0.00234664138168974,"cg21027035"
0.000644684115673398,"cg26389811"
0.0389956331725632,"cg04858631"
0.00127824522421852,"cg22789945"
0.000716867442630643,"cg03218374"
0.000847663209060403,"cg10881773"
-0.0148354764664005,"cg17055207"
0.00603514328524511,"cg26009944"
-0.000630564171347519,"cg15112783"
-0.000465104785539316,"cg04361266"
0.00269652344208177,"cg24486958"
0.0021165615656419,"ch.14.98380799F"
-0.00695278357691546,"cg18405719"
-0.00132617241481201,"cg02912279"
-0.0104859584287746,"cg03746015"
0.00219616712697479,"cg12279518"
0.00318684507185018,"cg01835620"
-0.00291959627038033,"cg18751203"
0.00970215564645581,"cg15344192"
-0.0017950991895629,"cg15975151"
-0.00949240208200322,"cg17141180"
0.001541933947192,"cg21126692"
-0.0065512957770215,"cg01221157"
0.000898042741812019,"cg00808132"
-0.000761133390097458,"cg19700682"
-0.00203363150616394,"cg12667933"
-0.00705907157311187,"cg07731535"
0.00526954440005937,"cg26257082"
-0.0004258977641764,"cg03527887"
0.0127470572155555,"cg15075241"
0.00319150648441296,"cg05515866"
-3.69661850953521e-05,"cg05234415"
0.00248837312241196,"cg04799270"
0.000371827716355249,"cg01358620"
0.00598675203404699,"cg07618085"
0.00268597537372421,"cg15717617"
-0.00158870906727711,"cg13227551"
0.000235995974670539,"cg27233338"
0.00229067359610629,"cg24843003"
0.000335129599320127,"cg08142172"
0.000801355400999342,"cg09732563"
0.0117417486703873,"cg05439368"
0.00358290118924039,"cg12053891"
0.000629195666656564,"cg01272202"
-0.00319636830737668,"cg06103218"
0.0016043234214325,"cg00112952"
-0.000894326024904155,"cg21490751"
0.00921115733207546,"cg08946157"
0.00242403333876898,"cg03234777"
-0.00439186965893593,"cg17320217"
-0.000727627304368077,"cg01990874"
0.00543684195143938,"cg01400685"
-0.00139537647652966,"cg12510035"
0.00587646949016173,"cg23325948"
-0.00400790635779665,"cg04277993"
0.00106583008206784,"cg07381403"
-0.000685425341515314,"cg10187674"
-9.93127101322421e-05,"cg02379116"
-0.00118422561980687,"cg23387056"
-0.0109761107891171,"cg00477673"
0.0154251196819177,"cg06093152"
-0.000814649563759514,"cg17525418"
0.00364712812850816,"cg26947127"
-0.00530753266860253,"cg23942311"
-0.0163937266504624,"cg07928502"
0.00147219861920805,"cg02888633"
-0.000127157975576211,"cg03298080"
-0.00332936529447667,"cg25301756"
-0.00172760962295831,"cg09768821"
0.0012748391323628,"cg16422547"
-0.00410674749607899,"cg20548013"
0.00529425310227221,"cg07239004"
-0.000890852224273935,"cg06526681"
0.000894120683517937,"cg13630953"
-0.00399535412010634,"cg09547025"
0.00581135534476896,"cg10151957"
0.0006795145951692,"cg12926341"
0.00124739809082041,"cg10988144"
0.00377984366141698,"cg12237617"
0.000296298015531776,"cg20675440"
-0.00012572837033177,"cg06158065"
0.000229552199091038,"cg24708181"
0.000473907804922691,"cg09230221"
-0.00347899316834951,"cg03813730"
0.000426557642578438,"cg11742268"
-0.0101971269419928,"cg26315985"
0.00182082209132934,"cg10964330"
0.0116856749871657,"cg15871086"
0.00361628645407766,"cg05940536"
-0.000212492706497223,"cg07090356"
0.00994894865566823,"cg19727396"
0.000257252634410887,"cg07475468"
-0.00289791251672596,"cg08889234"
0.00040635858381333,"cg20152731"
-0.000447596845848296,"cg20513448"
0.00202018858881578,"cg15647050"
-3.86278385472128e-05,"cg05292986"
0.0183770404321089,"cg13657200"
0.000845862781514817,"cg18157012"
-0.00167097307990709,"cg13634602"
-0.00123735192880408,"cg16190478"
0.00245138583815085,"cg20158607"
-0.00482517374688756,"cg00618096"
-0.000856642603148719,"cg11126205"
0.00254946468690331,"cg21037892"
-0.000980567386924999,"cg10575441"
0.00234481727888917,"cg08019044"
-0.00745540921815256,"cg26950531"
-0.000670106124744332,"cg07443954"
0.000594226303103212,"cg19485804"
0.00121116491500052,"cg00988129"
0.000671172576925579,"cg16488035"
